816284.52,AFRICAN DEVELOPMENT FOUNDATION (EOP),2006,UNITED STATES
1107760.43,AFRICAN DEVELOPMENT FOUNDATION (EOP),2007,UNITED STATES
0,AGENCY FOR INTERNATIONAL DEVELOPMENT (USAID),1998,UNITED STATES
330000,AGENCY FOR INTERNATIONAL DEVELOPMENT (USAID),1999,ANGOLA
992000,AGENCY FOR INTERNATIONAL DEVELOPMENT (USAID),1999,FRANCE
38174452,AGENCY FOR INTERNATIONAL DEVELOPMENT (USAID),1999,UNITED STATES
325000,AGENCY FOR INTERNATIONAL DEVELOPMENT (USAID),2000,ANGOLA
172000,AGENCY FOR INTERNATIONAL DEVELOPMENT (USAID),2000,DENMARK
297000,AGENCY FOR INTERNATIONAL DEVELOPMENT (USAID),2000,ETHIOPIA
225000,AGENCY FOR INTERNATIONAL DEVELOPMENT (USAID),2000,FIJI
2856000,AGENCY FOR INTERNATIONAL DEVELOPMENT (USAID),2000,FINLAND
300000,AGENCY FOR INTERNATIONAL DEVELOPMENT (USAID),2000,FRANCE
10000000,AGENCY FOR INTERNATIONAL DEVELOPMENT (USAID),2000,ITALY
653000,AGENCY FOR INTERNATIONAL DEVELOPMENT (USAID),2000,NAN
94000,AGENCY FOR INTERNATIONAL DEVELOPMENT (USAID),2000,RUSSIA
247000,AGENCY FOR INTERNATIONAL DEVELOPMENT (USAID),2000,SWITZERLAND
575000,AGENCY FOR INTERNATIONAL DEVELOPMENT (USAID),2000,TURKEY
130000,AGENCY FOR INTERNATIONAL DEVELOPMENT (USAID),2000,UKRAINE
587173269.22,AGENCY FOR INTERNATIONAL DEVELOPMENT (USAID),2000,UNITED STATES
14000,AGENCY FOR INTERNATIONAL DEVELOPMENT (USAID),2001,BELGIUM
93000,AGENCY FOR INTERNATIONAL DEVELOPMENT (USAID),2001,CANADA
120000,AGENCY FOR INTERNATIONAL DEVELOPMENT (USAID),2001,COSTA RICA
70000,AGENCY FOR INTERNATIONAL DEVELOPMENT (USAID),2001,DENMARK
232000,AGENCY FOR INTERNATIONAL DEVELOPMENT (USAID),2001,FRANCE
370000,AGENCY FOR INTERNATIONAL DEVELOPMENT (USAID),2001,GUATEMALA
265000,AGENCY FOR INTERNATIONAL DEVELOPMENT (USAID),2001,MALAYSIA
142000,AGENCY FOR INTERNATIONAL DEVELOPMENT (USAID),2001,MALI
57061000,AGENCY FOR INTERNATIONAL DEVELOPMENT (USAID),2001,NAN
498000,AGENCY FOR INTERNATIONAL DEVELOPMENT (USAID),2001,NETHERLANDS
84000,AGENCY FOR INTERNATIONAL DEVELOPMENT (USAID),2001,PARAGUAY
98000,AGENCY FOR INTERNATIONAL DEVELOPMENT (USAID),2001,RUSSIA
111000,AGENCY FOR INTERNATIONAL DEVELOPMENT (USAID),2001,THAILAND
720451064.3,AGENCY FOR INTERNATIONAL DEVELOPMENT (USAID),2001,UNITED STATES
108000,AGENCY FOR INTERNATIONAL DEVELOPMENT (USAID),2001,VANUATU
3000,AGENCY FOR INTERNATIONAL DEVELOPMENT (USAID),2002,AUSTRIA
20000,AGENCY FOR INTERNATIONAL DEVELOPMENT (USAID),2002,BELGIUM
141000,AGENCY FOR INTERNATIONAL DEVELOPMENT (USAID),2002,BRAZIL
35000,AGENCY FOR INTERNATIONAL DEVELOPMENT (USAID),2002,CANADA
114000,AGENCY FOR INTERNATIONAL DEVELOPMENT (USAID),2002,CROATIA
3417000,AGENCY FOR INTERNATIONAL DEVELOPMENT (USAID),2002,FRANCE
100000,AGENCY FOR INTERNATIONAL DEVELOPMENT (USAID),2002,GUATEMALA
50000,AGENCY FOR INTERNATIONAL DEVELOPMENT (USAID),2002,HAITI
53000,AGENCY FOR INTERNATIONAL DEVELOPMENT (USAID),2002,INDONESIA
24000,AGENCY FOR INTERNATIONAL DEVELOPMENT (USAID),2002,MOZAMBIQUE
26059400,AGENCY FOR INTERNATIONAL DEVELOPMENT (USAID),2002,NAN
105000,AGENCY FOR INTERNATIONAL DEVELOPMENT (USAID),2002,NETHERLANDS
105000,AGENCY FOR INTERNATIONAL DEVELOPMENT (USAID),2002,THAILAND
2233427782.45,AGENCY FOR INTERNATIONAL DEVELOPMENT (USAID),2002,UNITED STATES
54300,AGENCY FOR INTERNATIONAL DEVELOPMENT (USAID),2003,ETHIOPIA
1138125,AGENCY FOR INTERNATIONAL DEVELOPMENT (USAID),2003,FRANCE
-5000,AGENCY FOR INTERNATIONAL DEVELOPMENT (USAID),2003,ISRAEL
9757,AGENCY FOR INTERNATIONAL DEVELOPMENT (USAID),2003,MOZAMBIQUE
9648491,AGENCY FOR INTERNATIONAL DEVELOPMENT (USAID),2003,NAN
10550,AGENCY FOR INTERNATIONAL DEVELOPMENT (USAID),2003,PERU
34575,AGENCY FOR INTERNATIONAL DEVELOPMENT (USAID),2003,PHILIPPINES
2377514676.73,AGENCY FOR INTERNATIONAL DEVELOPMENT (USAID),2003,UNITED STATES
400000,AGENCY FOR INTERNATIONAL DEVELOPMENT (USAID),2004,ALGERIA
138318,AGENCY FOR INTERNATIONAL DEVELOPMENT (USAID),2004,CANADA
3324000,AGENCY FOR INTERNATIONAL DEVELOPMENT (USAID),2004,DENMARK
102104,AGENCY FOR INTERNATIONAL DEVELOPMENT (USAID),2004,HONDURAS
374490,AGENCY FOR INTERNATIONAL DEVELOPMENT (USAID),2004,ITALY
150000,AGENCY FOR INTERNATIONAL DEVELOPMENT (USAID),2004,KYRGYZSTAN
320367,AGENCY FOR INTERNATIONAL DEVELOPMENT (USAID),2004,MADAGASCAR
80031,AGENCY FOR INTERNATIONAL DEVELOPMENT (USAID),2004,MOZAMBIQUE
15333830,AGENCY FOR INTERNATIONAL DEVELOPMENT (USAID),2004,NAN
844469,AGENCY FOR INTERNATIONAL DEVELOPMENT (USAID),2004,PERU
0,AGENCY FOR INTERNATIONAL DEVELOPMENT (USAID),2004,PHILIPPINES
30000,AGENCY FOR INTERNATIONAL DEVELOPMENT (USAID),2004,RUSSIA
0,AGENCY FOR INTERNATIONAL DEVELOPMENT (USAID),2004,UNITED ARAB EMIRATES
2317234564.73,AGENCY FOR INTERNATIONAL DEVELOPMENT (USAID),2004,UNITED STATES
80000,AGENCY FOR INTERNATIONAL DEVELOPMENT (USAID),2005,BOSNIA AND HERZEGOVINA
4874,AGENCY FOR INTERNATIONAL DEVELOPMENT (USAID),2005,CANADA
340000,AGENCY FOR INTERNATIONAL DEVELOPMENT (USAID),2005,DENMARK
80000,AGENCY FOR INTERNATIONAL DEVELOPMENT (USAID),2005,EGYPT
221482,AGENCY FOR INTERNATIONAL DEVELOPMENT (USAID),2005,IRAQ
67751,AGENCY FOR INTERNATIONAL DEVELOPMENT (USAID),2005,ISR
277000,AGENCY FOR INTERNATIONAL DEVELOPMENT (USAID),2005,JORDAN
8570,AGENCY FOR INTERNATIONAL DEVELOPMENT (USAID),2005,KUWAIT
71879,AGENCY FOR INTERNATIONAL DEVELOPMENT (USAID),2005,NAN
1139320,AGENCY FOR INTERNATIONAL DEVELOPMENT (USAID),2005,SAUDI ARABIA
257791,AGENCY FOR INTERNATIONAL DEVELOPMENT (USAID),2005,TURKEY
641690,AGENCY FOR INTERNATIONAL DEVELOPMENT (USAID),2005,UNITED ARAB EMIRATES
4609040,AGENCY FOR INTERNATIONAL DEVELOPMENT (USAID),2005,UNITED KINGDOM
2250497524.89,AGENCY FOR INTERNATIONAL DEVELOPMENT (USAID),2005,UNITED STATES
7500,AGENCY FOR INTERNATIONAL DEVELOPMENT (USAID),2006,BAHRAIN
62300,AGENCY FOR INTERNATIONAL DEVELOPMENT (USAID),2006,BHR
82105,AGENCY FOR INTERNATIONAL DEVELOPMENT (USAID),2006,BOSNIA AND HERZEGOVINA
11807,AGENCY FOR INTERNATIONAL DEVELOPMENT (USAID),2006,CANADA
2920000,AGENCY FOR INTERNATIONAL DEVELOPMENT (USAID),2006,DENMARK
24513,AGENCY FOR INTERNATIONAL DEVELOPMENT (USAID),2006,GIB
119575,AGENCY FOR INTERNATIONAL DEVELOPMENT (USAID),2006,HUNGARY
466312,AGENCY FOR INTERNATIONAL DEVELOPMENT (USAID),2006,ITALY
6600,AGENCY FOR INTERNATIONAL DEVELOPMENT (USAID),2006,JORDAN
34330,AGENCY FOR INTERNATIONAL DEVELOPMENT (USAID),2006,KENYA
286464,AGENCY FOR INTERNATIONAL DEVELOPMENT (USAID),2006,KUWAIT
46500,AGENCY FOR INTERNATIONAL DEVELOPMENT (USAID),2006,MADAGASCAR
256183,AGENCY FOR INTERNATIONAL DEVELOPMENT (USAID),2006,NAN
2735,AGENCY FOR INTERNATIONAL DEVELOPMENT (USAID),2006,RUSSIA
43414.15,AGENCY FOR INTERNATIONAL DEVELOPMENT (USAID),2006,SENEGAL
1380769,AGENCY FOR INTERNATIONAL DEVELOPMENT (USAID),2006,SOUTH AFRICA
10000,AGENCY FOR INTERNATIONAL DEVELOPMENT (USAID),2006,TANZANIA
511296,AGENCY FOR INTERNATIONAL DEVELOPMENT (USAID),2006,UNITED ARAB EMIRATES
2631467003.61,AGENCY FOR INTERNATIONAL DEVELOPMENT (USAID),2006,UNITED STATES
8060452.63,AGENCY FOR INTERNATIONAL DEVELOPMENT (USAID),2007,AFGHANISTAN
2000000,AGENCY FOR INTERNATIONAL DEVELOPMENT (USAID),2007,BAHRAIN
104088.23,AGENCY FOR INTERNATIONAL DEVELOPMENT (USAID),2007,BOSNIA AND HERZEGOVINA
99909,AGENCY FOR INTERNATIONAL DEVELOPMENT (USAID),2007,COLOMBIA
42556.36,AGENCY FOR INTERNATIONAL DEVELOPMENT (USAID),2007,ECUADOR
142349,AGENCY FOR INTERNATIONAL DEVELOPMENT (USAID),2007,EGYPT
25145,AGENCY FOR INTERNATIONAL DEVELOPMENT (USAID),2007,EL SALVADOR
5662213,AGENCY FOR INTERNATIONAL DEVELOPMENT (USAID),2007,GUYANA
131933,AGENCY FOR INTERNATIONAL DEVELOPMENT (USAID),2007,HONDURAS
100000,AGENCY FOR INTERNATIONAL DEVELOPMENT (USAID),2007,HUNGARY
108247253,AGENCY FOR INTERNATIONAL DEVELOPMENT (USAID),2007,IDN
2542,AGENCY FOR INTERNATIONAL DEVELOPMENT (USAID),2007,JAPAN
-869046,AGENCY FOR INTERNATIONAL DEVELOPMENT (USAID),2007,JORDAN
0,AGENCY FOR INTERNATIONAL DEVELOPMENT (USAID),2007,KOR
-16378.58,AGENCY FOR INTERNATIONAL DEVELOPMENT (USAID),2007,MADAGASCAR
303594.47,AGENCY FOR INTERNATIONAL DEVELOPMENT (USAID),2007,NAN
16711,AGENCY FOR INTERNATIONAL DEVELOPMENT (USAID),2007,NETHERLANDS
48525,AGENCY FOR INTERNATIONAL DEVELOPMENT (USAID),2007,PERU
249947,AGENCY FOR INTERNATIONAL DEVELOPMENT (USAID),2007,RUSSIA
1708686,AGENCY FOR INTERNATIONAL DEVELOPMENT (USAID),2007,SAUDI ARABIA
64491.44,AGENCY FOR INTERNATIONAL DEVELOPMENT (USAID),2007,SENEGAL
100000,AGENCY FOR INTERNATIONAL DEVELOPMENT (USAID),2007,SOUTH AFRICA
384500,AGENCY FOR INTERNATIONAL DEVELOPMENT (USAID),2007,SWITZERLAND
10905000,AGENCY FOR INTERNATIONAL DEVELOPMENT (USAID),2007,TANZANIA
403015.63,AGENCY FOR INTERNATIONAL DEVELOPMENT (USAID),2007,UNITED ARAB EMIRATES
33530,AGENCY FOR INTERNATIONAL DEVELOPMENT (USAID),2007,UNITED KINGDOM
3492341515.96,AGENCY FOR INTERNATIONAL DEVELOPMENT (USAID),2007,UNITED STATES
6300,AGENCY FOR INTERNATIONAL DEVELOPMENT (USAID),2008,ABW
154245,AGENCY FOR INTERNATIONAL DEVELOPMENT (USAID),2008,BAHRAIN
46277.35,AGENCY FOR INTERNATIONAL DEVELOPMENT (USAID),2008,BOSNIA AND HERZEGOVINA
5525000,AGENCY FOR INTERNATIONAL DEVELOPMENT (USAID),2008,CHN
28100,AGENCY FOR INTERNATIONAL DEVELOPMENT (USAID),2008,COLOMBIA
99500,AGENCY FOR INTERNATIONAL DEVELOPMENT (USAID),2008,ECUADOR
3268.85,AGENCY FOR INTERNATIONAL DEVELOPMENT (USAID),2008,EL SALVADOR
1571556.47,AGENCY FOR INTERNATIONAL DEVELOPMENT (USAID),2008,ETHIOPIA
0,AGENCY FOR INTERNATIONAL DEVELOPMENT (USAID),2008,GUATEMALA
123069,AGENCY FOR INTERNATIONAL DEVELOPMENT (USAID),2008,HONDURAS
3820230.24,AGENCY FOR INTERNATIONAL DEVELOPMENT (USAID),2008,IDN
83343.79,AGENCY FOR INTERNATIONAL DEVELOPMENT (USAID),2008,INDIA
21686,AGENCY FOR INTERNATIONAL DEVELOPMENT (USAID),2008,JAPAN
0,AGENCY FOR INTERNATIONAL DEVELOPMENT (USAID),2008,JORDAN
46822.22,AGENCY FOR INTERNATIONAL DEVELOPMENT (USAID),2008,KENYA
12321569.8,AGENCY FOR INTERNATIONAL DEVELOPMENT (USAID),2008,KOR
170895.88,AGENCY FOR INTERNATIONAL DEVELOPMENT (USAID),2008,NAN
390325.98,AGENCY FOR INTERNATIONAL DEVELOPMENT (USAID),2008,NETHERLANDS
700000,AGENCY FOR INTERNATIONAL DEVELOPMENT (USAID),2008,PERU
3934.48,AGENCY FOR INTERNATIONAL DEVELOPMENT (USAID),2008,PHILIPPINES
1106076,AGENCY FOR INTERNATIONAL DEVELOPMENT (USAID),2008,SAUDI ARABIA
35482.75,AGENCY FOR INTERNATIONAL DEVELOPMENT (USAID),2008,SENEGAL
370761,AGENCY FOR INTERNATIONAL DEVELOPMENT (USAID),2008,SOUTH AFRICA
3287173,AGENCY FOR INTERNATIONAL DEVELOPMENT (USAID),2008,TANZANIA
489700,AGENCY FOR INTERNATIONAL DEVELOPMENT (USAID),2008,TURKEY
29927.25,AGENCY FOR INTERNATIONAL DEVELOPMENT (USAID),2008,UGANDA
403015.63,AGENCY FOR INTERNATIONAL DEVELOPMENT (USAID),2008,UNITED ARAB EMIRATES
24750,AGENCY FOR INTERNATIONAL DEVELOPMENT (USAID),2008,UNITED KINGDOM
3410376228.8,AGENCY FOR INTERNATIONAL DEVELOPMENT (USAID),2008,UNITED STATES
6052994.04,AGENCY FOR INTERNATIONAL DEVELOPMENT (USAID),2009,AFGHANISTAN
99500,AGENCY FOR INTERNATIONAL DEVELOPMENT (USAID),2009,ARM
16125.56,AGENCY FOR INTERNATIONAL DEVELOPMENT (USAID),2009,AUSTRALIA
11980,AGENCY FOR INTERNATIONAL DEVELOPMENT (USAID),2009,AZERBAIJAN
4500000,AGENCY FOR INTERNATIONAL DEVELOPMENT (USAID),2009,BAHRAIN
14720.59,AGENCY FOR INTERNATIONAL DEVELOPMENT (USAID),2009,BANGLADESH
9986.6,AGENCY FOR INTERNATIONAL DEVELOPMENT (USAID),2009,BEL
63047.24,AGENCY FOR INTERNATIONAL DEVELOPMENT (USAID),2009,BELGIUM
121697.71,AGENCY FOR INTERNATIONAL DEVELOPMENT (USAID),2009,BOSNIA AND HERZEGOVINA
3600,AGENCY FOR INTERNATIONAL DEVELOPMENT (USAID),2009,CANADA
0,AGENCY FOR INTERNATIONAL DEVELOPMENT (USAID),2009,CHN
273686.03,AGENCY FOR INTERNATIONAL DEVELOPMENT (USAID),2009,COLOMBIA
0,AGENCY FOR INTERNATIONAL DEVELOPMENT (USAID),2009,ECUADOR
119118,AGENCY FOR INTERNATIONAL DEVELOPMENT (USAID),2009,EGYPT
13690.03,AGENCY FOR INTERNATIONAL DEVELOPMENT (USAID),2009,ETHIOPIA
1517000,AGENCY FOR INTERNATIONAL DEVELOPMENT (USAID),2009,GEORGIA
7080,AGENCY FOR INTERNATIONAL DEVELOPMENT (USAID),2009,GHANA
505336,AGENCY FOR INTERNATIONAL DEVELOPMENT (USAID),2009,GIB
142698.11,AGENCY FOR INTERNATIONAL DEVELOPMENT (USAID),2009,GUATEMALA
3022893,AGENCY FOR INTERNATIONAL DEVELOPMENT (USAID),2009,GUYANA
66378,AGENCY FOR INTERNATIONAL DEVELOPMENT (USAID),2009,HONDURAS
50000,AGENCY FOR INTERNATIONAL DEVELOPMENT (USAID),2009,HUNGARY
-2240429.21,AGENCY FOR INTERNATIONAL DEVELOPMENT (USAID),2009,IDN
92040.68,AGENCY FOR INTERNATIONAL DEVELOPMENT (USAID),2009,INDIA
819271,AGENCY FOR INTERNATIONAL DEVELOPMENT (USAID),2009,IRAQ
14400,AGENCY FOR INTERNATIONAL DEVELOPMENT (USAID),2009,ISRAEL
8651,AGENCY FOR INTERNATIONAL DEVELOPMENT (USAID),2009,JAMAICA
1483826,AGENCY FOR INTERNATIONAL DEVELOPMENT (USAID),2009,JORDAN
90000,AGENCY FOR INTERNATIONAL DEVELOPMENT (USAID),2009,KAZAKHSTAN
86000,AGENCY FOR INTERNATIONAL DEVELOPMENT (USAID),2009,KEN
1134241.74,AGENCY FOR INTERNATIONAL DEVELOPMENT (USAID),2009,KENYA
0,AGENCY FOR INTERNATIONAL DEVELOPMENT (USAID),2009,KOR
1284372,AGENCY FOR INTERNATIONAL DEVELOPMENT (USAID),2009,KUWAIT
3935,AGENCY FOR INTERNATIONAL DEVELOPMENT (USAID),2009,KYRGYZSTAN
7200,AGENCY FOR INTERNATIONAL DEVELOPMENT (USAID),2009,LIBERIA
51438.1,AGENCY FOR INTERNATIONAL DEVELOPMENT (USAID),2009,MACEDONIA
58003,AGENCY FOR INTERNATIONAL DEVELOPMENT (USAID),2009,MADAGASCAR
147853,AGENCY FOR INTERNATIONAL DEVELOPMENT (USAID),2009,MOROCCO
15765,AGENCY FOR INTERNATIONAL DEVELOPMENT (USAID),2009,NAMIBIA
260775.2,AGENCY FOR INTERNATIONAL DEVELOPMENT (USAID),2009,NAN
5708,AGENCY FOR INTERNATIONAL DEVELOPMENT (USAID),2009,NETHERLANDS
18058.98,AGENCY FOR INTERNATIONAL DEVELOPMENT (USAID),2009,NIGERIA
455175.23,AGENCY FOR INTERNATIONAL DEVELOPMENT (USAID),2009,PAKISTAN
928620,AGENCY FOR INTERNATIONAL DEVELOPMENT (USAID),2009,PERU
3443.47,AGENCY FOR INTERNATIONAL DEVELOPMENT (USAID),2009,PHILIPPINES
40602.92,AGENCY FOR INTERNATIONAL DEVELOPMENT (USAID),2009,RUSSIA
4943065,AGENCY FOR INTERNATIONAL DEVELOPMENT (USAID),2009,SAUDI ARABIA
110000,AGENCY FOR INTERNATIONAL DEVELOPMENT (USAID),2009,SDN
210963.25,AGENCY FOR INTERNATIONAL DEVELOPMENT (USAID),2009,SENEGAL
581271.94,AGENCY FOR INTERNATIONAL DEVELOPMENT (USAID),2009,SOUTH AFRICA
34969,AGENCY FOR INTERNATIONAL DEVELOPMENT (USAID),2009,SRI LANKA
20450,AGENCY FOR INTERNATIONAL DEVELOPMENT (USAID),2009,SUDAN
18792482.08,AGENCY FOR INTERNATIONAL DEVELOPMENT (USAID),2009,TANZANIA
5882,AGENCY FOR INTERNATIONAL DEVELOPMENT (USAID),2009,THA
8880.8,AGENCY FOR INTERNATIONAL DEVELOPMENT (USAID),2009,THAILAND
73100,AGENCY FOR INTERNATIONAL DEVELOPMENT (USAID),2009,TURKEY
152004,AGENCY FOR INTERNATIONAL DEVELOPMENT (USAID),2009,UGANDA
99316.48,AGENCY FOR INTERNATIONAL DEVELOPMENT (USAID),2009,UNITED KINGDOM
3656507258.16,AGENCY FOR INTERNATIONAL DEVELOPMENT (USAID),2009,UNITED STATES
4278,AGENCY FOR INTERNATIONAL DEVELOPMENT (USAID),2009,ZIMBABWE
3518354.26,AGENCY FOR INTERNATIONAL DEVELOPMENT (USAID),2010,AFGHANISTAN
1074097,AGENCY FOR INTERNATIONAL DEVELOPMENT (USAID),2010,ARMENIA
799935,AGENCY FOR INTERNATIONAL DEVELOPMENT (USAID),2010,AUS
236284,AGENCY FOR INTERNATIONAL DEVELOPMENT (USAID),2010,AUSTRALIA
13101.75,AGENCY FOR INTERNATIONAL DEVELOPMENT (USAID),2010,AZERBAIJAN
3695000,AGENCY FOR INTERNATIONAL DEVELOPMENT (USAID),2010,BAHRAIN
57789.73,AGENCY FOR INTERNATIONAL DEVELOPMENT (USAID),2010,BANGLADESH
171913.8,AGENCY FOR INTERNATIONAL DEVELOPMENT (USAID),2010,BELGIUM
225117.5,AGENCY FOR INTERNATIONAL DEVELOPMENT (USAID),2010,BOSNIA AND HERZEGOVINA
7581332.1,AGENCY FOR INTERNATIONAL DEVELOPMENT (USAID),2010,CANADA
630861.65,AGENCY FOR INTERNATIONAL DEVELOPMENT (USAID),2010,COLOMBIA
45000,AGENCY FOR INTERNATIONAL DEVELOPMENT (USAID),2010,DENMARK
125690,AGENCY FOR INTERNATIONAL DEVELOPMENT (USAID),2010,EGY
1242232.5,AGENCY FOR INTERNATIONAL DEVELOPMENT (USAID),2010,EGYPT
78044.15,AGENCY FOR INTERNATIONAL DEVELOPMENT (USAID),2010,ETH
700000,AGENCY FOR INTERNATIONAL DEVELOPMENT (USAID),2010,ETHIOPIA
9778862.7,AGENCY FOR INTERNATIONAL DEVELOPMENT (USAID),2010,GEO
170735.32,AGENCY FOR INTERNATIONAL DEVELOPMENT (USAID),2010,GEORGIA
124375,AGENCY FOR INTERNATIONAL DEVELOPMENT (USAID),2010,GHANA
78466.74,AGENCY FOR INTERNATIONAL DEVELOPMENT (USAID),2010,GIB
240147.67,AGENCY FOR INTERNATIONAL DEVELOPMENT (USAID),2010,GUATEMALA
0,AGENCY FOR INTERNATIONAL DEVELOPMENT (USAID),2010,GUYANA
72885,AGENCY FOR INTERNATIONAL DEVELOPMENT (USAID),2010,HAITI
4860.72,AGENCY FOR INTERNATIONAL DEVELOPMENT (USAID),2010,HONDURAS
95620,AGENCY FOR INTERNATIONAL DEVELOPMENT (USAID),2010,HONG KONG
109376.57,AGENCY FOR INTERNATIONAL DEVELOPMENT (USAID),2010,HUNGARY
836540.81,AGENCY FOR INTERNATIONAL DEVELOPMENT (USAID),2010,IDN
210539.82,AGENCY FOR INTERNATIONAL DEVELOPMENT (USAID),2010,INDIA
690842.35,AGENCY FOR INTERNATIONAL DEVELOPMENT (USAID),2010,IRAQ
946692,AGENCY FOR INTERNATIONAL DEVELOPMENT (USAID),2010,ISR
845166.25,AGENCY FOR INTERNATIONAL DEVELOPMENT (USAID),2010,ISRAEL
376712,AGENCY FOR INTERNATIONAL DEVELOPMENT (USAID),2010,JAPAN
1628516,AGENCY FOR INTERNATIONAL DEVELOPMENT (USAID),2010,JORDAN
430052.74,AGENCY FOR INTERNATIONAL DEVELOPMENT (USAID),2010,KAZAKHSTAN
427434.46,AGENCY FOR INTERNATIONAL DEVELOPMENT (USAID),2010,KENYA
1161000,AGENCY FOR INTERNATIONAL DEVELOPMENT (USAID),2010,KOR
1575717,AGENCY FOR INTERNATIONAL DEVELOPMENT (USAID),2010,KUWAIT
150040.89,AGENCY FOR INTERNATIONAL DEVELOPMENT (USAID),2010,KYRGYZSTAN
124981.65,AGENCY FOR INTERNATIONAL DEVELOPMENT (USAID),2010,LIBERIA
57548.6,AGENCY FOR INTERNATIONAL DEVELOPMENT (USAID),2010,MACEDONIA
69396,AGENCY FOR INTERNATIONAL DEVELOPMENT (USAID),2010,MADAGASCAR
22314,AGENCY FOR INTERNATIONAL DEVELOPMENT (USAID),2010,MALAWI
11555,AGENCY FOR INTERNATIONAL DEVELOPMENT (USAID),2010,MALI
215869.55,AGENCY FOR INTERNATIONAL DEVELOPMENT (USAID),2010,MEXICO
183522,AGENCY FOR INTERNATIONAL DEVELOPMENT (USAID),2010,MOROCCO
96942.99,AGENCY FOR INTERNATIONAL DEVELOPMENT (USAID),2010,MOZAMBIQUE
3488,AGENCY FOR INTERNATIONAL DEVELOPMENT (USAID),2010,NAMIBIA
407476.2,AGENCY FOR INTERNATIONAL DEVELOPMENT (USAID),2010,NAN
1498438.32,AGENCY FOR INTERNATIONAL DEVELOPMENT (USAID),2010,NIGERIA
0,AGENCY FOR INTERNATIONAL DEVELOPMENT (USAID),2010,PAK
25890238.3,AGENCY FOR INTERNATIONAL DEVELOPMENT (USAID),2010,PAKISTAN
900000,AGENCY FOR INTERNATIONAL DEVELOPMENT (USAID),2010,"PALESTINIAN TERRITORY,OCCUPIED"
21434.2,AGENCY FOR INTERNATIONAL DEVELOPMENT (USAID),2010,PANAMA
630500.87,AGENCY FOR INTERNATIONAL DEVELOPMENT (USAID),2010,PERU
14158.99,AGENCY FOR INTERNATIONAL DEVELOPMENT (USAID),2010,PHILIPPINES
5000,AGENCY FOR INTERNATIONAL DEVELOPMENT (USAID),2010,PORTUGAL
0,AGENCY FOR INTERNATIONAL DEVELOPMENT (USAID),2010,RUSSIA
1080735.76,AGENCY FOR INTERNATIONAL DEVELOPMENT (USAID),2010,SENEGAL
4143771.1,AGENCY FOR INTERNATIONAL DEVELOPMENT (USAID),2010,SOUTH AFRICA
26636462,AGENCY FOR INTERNATIONAL DEVELOPMENT (USAID),2010,SOUTH KOREA
45810,AGENCY FOR INTERNATIONAL DEVELOPMENT (USAID),2010,SRI LANKA
174481,AGENCY FOR INTERNATIONAL DEVELOPMENT (USAID),2010,SUDAN
34442.2,AGENCY FOR INTERNATIONAL DEVELOPMENT (USAID),2010,SWITZERLAND
15915782.2,AGENCY FOR INTERNATIONAL DEVELOPMENT (USAID),2010,TANZANIA
1581420,AGENCY FOR INTERNATIONAL DEVELOPMENT (USAID),2010,THA
407641.01,AGENCY FOR INTERNATIONAL DEVELOPMENT (USAID),2010,TURKEY
247915,AGENCY FOR INTERNATIONAL DEVELOPMENT (USAID),2010,UGANDA
62304,AGENCY FOR INTERNATIONAL DEVELOPMENT (USAID),2010,UKRAINE
580559.43,AGENCY FOR INTERNATIONAL DEVELOPMENT (USAID),2010,UNITED ARAB EMIRATES
86717,AGENCY FOR INTERNATIONAL DEVELOPMENT (USAID),2010,UNITED KINGDOM
3722278415.06,AGENCY FOR INTERNATIONAL DEVELOPMENT (USAID),2010,UNITED STATES
16200,AGENCY FOR INTERNATIONAL DEVELOPMENT (USAID),2010,UZBEKISTAN
31716,AGENCY FOR INTERNATIONAL DEVELOPMENT (USAID),2010,ZIMBABWE
1147317.66,AGENCY FOR INTERNATIONAL DEVELOPMENT (USAID),2011,AFGHANISTAN
243600.32,AGENCY FOR INTERNATIONAL DEVELOPMENT (USAID),2011,ARE
1033409.9,AGENCY FOR INTERNATIONAL DEVELOPMENT (USAID),2011,ARMENIA
64459,AGENCY FOR INTERNATIONAL DEVELOPMENT (USAID),2011,AUS
24771.05,AGENCY FOR INTERNATIONAL DEVELOPMENT (USAID),2011,AUSTRALIA
12750,AGENCY FOR INTERNATIONAL DEVELOPMENT (USAID),2011,AZERBAIJAN
-2662268.88,AGENCY FOR INTERNATIONAL DEVELOPMENT (USAID),2011,BAHRAIN
-84.01,AGENCY FOR INTERNATIONAL DEVELOPMENT (USAID),2011,BANGLADESH
50000,AGENCY FOR INTERNATIONAL DEVELOPMENT (USAID),2011,BARBADOS
-32869.6,AGENCY FOR INTERNATIONAL DEVELOPMENT (USAID),2011,BELGIUM
87490.66,AGENCY FOR INTERNATIONAL DEVELOPMENT (USAID),2011,BENIN
12353,AGENCY FOR INTERNATIONAL DEVELOPMENT (USAID),2011,BIH
6504.2,AGENCY FOR INTERNATIONAL DEVELOPMENT (USAID),2011,BOLIVIA
81958.75,AGENCY FOR INTERNATIONAL DEVELOPMENT (USAID),2011,BOSNIA AND HERZEGOVINA
6000,AGENCY FOR INTERNATIONAL DEVELOPMENT (USAID),2011,CAMBODIA
65798,AGENCY FOR INTERNATIONAL DEVELOPMENT (USAID),2011,CAN
-300000,AGENCY FOR INTERNATIONAL DEVELOPMENT (USAID),2011,CHN
43720.85,AGENCY FOR INTERNATIONAL DEVELOPMENT (USAID),2011,COD
538560.33,AGENCY FOR INTERNATIONAL DEVELOPMENT (USAID),2011,COLOMBIA
60707,AGENCY FOR INTERNATIONAL DEVELOPMENT (USAID),2011,DENMARK
14987000,AGENCY FOR INTERNATIONAL DEVELOPMENT (USAID),2011,DOMINICAN REPUBLIC
0,AGENCY FOR INTERNATIONAL DEVELOPMENT (USAID),2011,EGY
276953.59,AGENCY FOR INTERNATIONAL DEVELOPMENT (USAID),2011,EGYPT
70060,AGENCY FOR INTERNATIONAL DEVELOPMENT (USAID),2011,EL SALVADOR
0,AGENCY FOR INTERNATIONAL DEVELOPMENT (USAID),2011,ETHIOPIA
0,AGENCY FOR INTERNATIONAL DEVELOPMENT (USAID),2011,GEO
7214531.19,AGENCY FOR INTERNATIONAL DEVELOPMENT (USAID),2011,GEORGIA
95693.51,AGENCY FOR INTERNATIONAL DEVELOPMENT (USAID),2011,GHA
320820,AGENCY FOR INTERNATIONAL DEVELOPMENT (USAID),2011,GHANA
53926,AGENCY FOR INTERNATIONAL DEVELOPMENT (USAID),2011,GIB
137110.06,AGENCY FOR INTERNATIONAL DEVELOPMENT (USAID),2011,GUATEMALA
31586,AGENCY FOR INTERNATIONAL DEVELOPMENT (USAID),2011,GUINEA
3623535,AGENCY FOR INTERNATIONAL DEVELOPMENT (USAID),2011,GUYANA
414144.17,AGENCY FOR INTERNATIONAL DEVELOPMENT (USAID),2011,HAITI
0,AGENCY FOR INTERNATIONAL DEVELOPMENT (USAID),2011,HONDURAS
94874.98,AGENCY FOR INTERNATIONAL DEVELOPMENT (USAID),2011,HUNGARY
-1808294.79,AGENCY FOR INTERNATIONAL DEVELOPMENT (USAID),2011,IDN
40497,AGENCY FOR INTERNATIONAL DEVELOPMENT (USAID),2011,IND
287383.92,AGENCY FOR INTERNATIONAL DEVELOPMENT (USAID),2011,INDIA
3214624.69,AGENCY FOR INTERNATIONAL DEVELOPMENT (USAID),2011,INDONESIA
-96480.5,AGENCY FOR INTERNATIONAL DEVELOPMENT (USAID),2011,IRAQ
71260,AGENCY FOR INTERNATIONAL DEVELOPMENT (USAID),2011,ISR
470927.29,AGENCY FOR INTERNATIONAL DEVELOPMENT (USAID),2011,ISRAEL
123609.69,AGENCY FOR INTERNATIONAL DEVELOPMENT (USAID),2011,JORDAN
273620.2,AGENCY FOR INTERNATIONAL DEVELOPMENT (USAID),2011,KAZAKHSTAN
73264,AGENCY FOR INTERNATIONAL DEVELOPMENT (USAID),2011,KEN
199015.29,AGENCY FOR INTERNATIONAL DEVELOPMENT (USAID),2011,KENYA
809608.29,AGENCY FOR INTERNATIONAL DEVELOPMENT (USAID),2011,KUWAIT
134883.76,AGENCY FOR INTERNATIONAL DEVELOPMENT (USAID),2011,KYRGYZSTAN
1870632.64,AGENCY FOR INTERNATIONAL DEVELOPMENT (USAID),2011,LIBERIA
79240.08,AGENCY FOR INTERNATIONAL DEVELOPMENT (USAID),2011,MACEDONIA
102706.71,AGENCY FOR INTERNATIONAL DEVELOPMENT (USAID),2011,MADAGASCAR
284726.15,AGENCY FOR INTERNATIONAL DEVELOPMENT (USAID),2011,MALAWI
289097.09,AGENCY FOR INTERNATIONAL DEVELOPMENT (USAID),2011,MALI
-29425.05,AGENCY FOR INTERNATIONAL DEVELOPMENT (USAID),2011,MEXICO
-1224.33,AGENCY FOR INTERNATIONAL DEVELOPMENT (USAID),2011,MLI
305564.32,AGENCY FOR INTERNATIONAL DEVELOPMENT (USAID),2011,MOROCCO
5000,AGENCY FOR INTERNATIONAL DEVELOPMENT (USAID),2011,MOZ
43671.5,AGENCY FOR INTERNATIONAL DEVELOPMENT (USAID),2011,MOZAMBIQUE
6622,AGENCY FOR INTERNATIONAL DEVELOPMENT (USAID),2011,NAMIBIA
729600,AGENCY FOR INTERNATIONAL DEVELOPMENT (USAID),2011,NAN
244338.95,AGENCY FOR INTERNATIONAL DEVELOPMENT (USAID),2011,NETHERLANDS
-51.19,AGENCY FOR INTERNATIONAL DEVELOPMENT (USAID),2011,NGA
40000,AGENCY FOR INTERNATIONAL DEVELOPMENT (USAID),2011,NICARAGUA
613596.94,AGENCY FOR INTERNATIONAL DEVELOPMENT (USAID),2011,NIGERIA
253723,AGENCY FOR INTERNATIONAL DEVELOPMENT (USAID),2011,PAK
14816330.45,AGENCY FOR INTERNATIONAL DEVELOPMENT (USAID),2011,PAKISTAN
0,AGENCY FOR INTERNATIONAL DEVELOPMENT (USAID),2011,"PALESTINIAN TERRITORY,OCCUPIED"
5000,AGENCY FOR INTERNATIONAL DEVELOPMENT (USAID),2011,PANAMA
2778299.13,AGENCY FOR INTERNATIONAL DEVELOPMENT (USAID),2011,PERU
2634233.18,AGENCY FOR INTERNATIONAL DEVELOPMENT (USAID),2011,PHILIPPINES
900000,AGENCY FOR INTERNATIONAL DEVELOPMENT (USAID),2011,PSE
67683.3,AGENCY FOR INTERNATIONAL DEVELOPMENT (USAID),2011,SEN
871450.69,AGENCY FOR INTERNATIONAL DEVELOPMENT (USAID),2011,SENEGAL
38605.64,AGENCY FOR INTERNATIONAL DEVELOPMENT (USAID),2011,SIERRA LEONE
617721.45,AGENCY FOR INTERNATIONAL DEVELOPMENT (USAID),2011,SOUTH AFRICA
1049610.58,AGENCY FOR INTERNATIONAL DEVELOPMENT (USAID),2011,SOUTH KOREA
0,AGENCY FOR INTERNATIONAL DEVELOPMENT (USAID),2011,SRI LANKA
46218.12,AGENCY FOR INTERNATIONAL DEVELOPMENT (USAID),2011,SUDAN
2422169.65,AGENCY FOR INTERNATIONAL DEVELOPMENT (USAID),2011,TANZANIA
806.03,AGENCY FOR INTERNATIONAL DEVELOPMENT (USAID),2011,THAILAND
9158883,AGENCY FOR INTERNATIONAL DEVELOPMENT (USAID),2011,TURKEY
5186265.74,AGENCY FOR INTERNATIONAL DEVELOPMENT (USAID),2011,UGANDA
6902205.5,AGENCY FOR INTERNATIONAL DEVELOPMENT (USAID),2011,UNITED ARAB EMIRATES
57495.07,AGENCY FOR INTERNATIONAL DEVELOPMENT (USAID),2011,UNITED KINGDOM
3265051095.4,AGENCY FOR INTERNATIONAL DEVELOPMENT (USAID),2011,UNITED STATES
50000,AGENCY FOR INTERNATIONAL DEVELOPMENT (USAID),2011,ZAF
5674789.92,AGENCY FOR INTERNATIONAL DEVELOPMENT (USAID),2012,AFG
19240404.44,AGENCY FOR INTERNATIONAL DEVELOPMENT (USAID),2012,AFGHANISTAN
198244.13,AGENCY FOR INTERNATIONAL DEVELOPMENT (USAID),2012,ARE
1422064.87,AGENCY FOR INTERNATIONAL DEVELOPMENT (USAID),2012,ARM
204342.71,AGENCY FOR INTERNATIONAL DEVELOPMENT (USAID),2012,ARMENIA
0,AGENCY FOR INTERNATIONAL DEVELOPMENT (USAID),2012,AUSTRALIA
12660,AGENCY FOR INTERNATIONAL DEVELOPMENT (USAID),2012,AZERBAIJAN
1510000,AGENCY FOR INTERNATIONAL DEVELOPMENT (USAID),2012,BAHRAIN
-498.99,AGENCY FOR INTERNATIONAL DEVELOPMENT (USAID),2012,BANGLADESH
50000,AGENCY FOR INTERNATIONAL DEVELOPMENT (USAID),2012,BARBADOS
25000,AGENCY FOR INTERNATIONAL DEVELOPMENT (USAID),2012,BELARUS
9592.72,AGENCY FOR INTERNATIONAL DEVELOPMENT (USAID),2012,BELGIUM
49352.56,AGENCY FOR INTERNATIONAL DEVELOPMENT (USAID),2012,BENIN
4400,AGENCY FOR INTERNATIONAL DEVELOPMENT (USAID),2012,BGR
3864,AGENCY FOR INTERNATIONAL DEVELOPMENT (USAID),2012,BIH
132096,AGENCY FOR INTERNATIONAL DEVELOPMENT (USAID),2012,BOL
53928.4,AGENCY FOR INTERNATIONAL DEVELOPMENT (USAID),2012,BOLIVIA
159179.15,AGENCY FOR INTERNATIONAL DEVELOPMENT (USAID),2012,BOSNIA AND HERZEGOVINA
6875,AGENCY FOR INTERNATIONAL DEVELOPMENT (USAID),2012,BULGARIA
27505,AGENCY FOR INTERNATIONAL DEVELOPMENT (USAID),2012,CAMBODIA
35491,AGENCY FOR INTERNATIONAL DEVELOPMENT (USAID),2012,CAN
5100108,AGENCY FOR INTERNATIONAL DEVELOPMENT (USAID),2012,CANADA
4225,AGENCY FOR INTERNATIONAL DEVELOPMENT (USAID),2012,COG
711820.55,AGENCY FOR INTERNATIONAL DEVELOPMENT (USAID),2012,COLOMBIA
3000000,AGENCY FOR INTERNATIONAL DEVELOPMENT (USAID),2012,DENMARK
0,AGENCY FOR INTERNATIONAL DEVELOPMENT (USAID),2012,DOM
2728766,AGENCY FOR INTERNATIONAL DEVELOPMENT (USAID),2012,DOMINICAN REPUBLIC
0,AGENCY FOR INTERNATIONAL DEVELOPMENT (USAID),2012,ECUADOR
0,AGENCY FOR INTERNATIONAL DEVELOPMENT (USAID),2012,EGY
358465.31,AGENCY FOR INTERNATIONAL DEVELOPMENT (USAID),2012,EGYPT
463764.15,AGENCY FOR INTERNATIONAL DEVELOPMENT (USAID),2012,ETH
10122,AGENCY FOR INTERNATIONAL DEVELOPMENT (USAID),2012,ETHIOPIA
0,AGENCY FOR INTERNATIONAL DEVELOPMENT (USAID),2012,GEO
41395324.46,AGENCY FOR INTERNATIONAL DEVELOPMENT (USAID),2012,GEORGIA
54350,AGENCY FOR INTERNATIONAL DEVELOPMENT (USAID),2012,GHA
535047.54,AGENCY FOR INTERNATIONAL DEVELOPMENT (USAID),2012,GHANA
202682.37,AGENCY FOR INTERNATIONAL DEVELOPMENT (USAID),2012,GIB
198668.75,AGENCY FOR INTERNATIONAL DEVELOPMENT (USAID),2012,GUATEMALA
50477.95,AGENCY FOR INTERNATIONAL DEVELOPMENT (USAID),2012,GUINEA
547223.66,AGENCY FOR INTERNATIONAL DEVELOPMENT (USAID),2012,GUYANA
5471826.68,AGENCY FOR INTERNATIONAL DEVELOPMENT (USAID),2012,HAITI
128245.86,AGENCY FOR INTERNATIONAL DEVELOPMENT (USAID),2012,HONDURAS
498161.05,AGENCY FOR INTERNATIONAL DEVELOPMENT (USAID),2012,HTI
51604.39,AGENCY FOR INTERNATIONAL DEVELOPMENT (USAID),2012,HUNGARY
9328863.06,AGENCY FOR INTERNATIONAL DEVELOPMENT (USAID),2012,IDN
228689.13,AGENCY FOR INTERNATIONAL DEVELOPMENT (USAID),2012,IND
306016.63,AGENCY FOR INTERNATIONAL DEVELOPMENT (USAID),2012,INDIA
1629384.38,AGENCY FOR INTERNATIONAL DEVELOPMENT (USAID),2012,INDONESIA
209550.5,AGENCY FOR INTERNATIONAL DEVELOPMENT (USAID),2012,IRAQ
28900,AGENCY FOR INTERNATIONAL DEVELOPMENT (USAID),2012,IRELAND
47550,AGENCY FOR INTERNATIONAL DEVELOPMENT (USAID),2012,ISR
599751.79,AGENCY FOR INTERNATIONAL DEVELOPMENT (USAID),2012,ISRAEL
1752034.81,AGENCY FOR INTERNATIONAL DEVELOPMENT (USAID),2012,JORDAN
188111,AGENCY FOR INTERNATIONAL DEVELOPMENT (USAID),2012,KAZ
326993.02,AGENCY FOR INTERNATIONAL DEVELOPMENT (USAID),2012,KAZAKHSTAN
27999.95,AGENCY FOR INTERNATIONAL DEVELOPMENT (USAID),2012,KEN
668946.92,AGENCY FOR INTERNATIONAL DEVELOPMENT (USAID),2012,KENYA
0,AGENCY FOR INTERNATIONAL DEVELOPMENT (USAID),2012,KHM
-0.01,AGENCY FOR INTERNATIONAL DEVELOPMENT (USAID),2012,KOR
-197900.43,AGENCY FOR INTERNATIONAL DEVELOPMENT (USAID),2012,KUWAIT
35523.73,AGENCY FOR INTERNATIONAL DEVELOPMENT (USAID),2012,KYRGYZSTAN
506306.34,AGENCY FOR INTERNATIONAL DEVELOPMENT (USAID),2012,LBR
528352.35,AGENCY FOR INTERNATIONAL DEVELOPMENT (USAID),2012,LIBERIA
64936.93,AGENCY FOR INTERNATIONAL DEVELOPMENT (USAID),2012,LUXEMBOURG
19846.75,AGENCY FOR INTERNATIONAL DEVELOPMENT (USAID),2012,MACEDONIA
482118.01,AGENCY FOR INTERNATIONAL DEVELOPMENT (USAID),2012,MADAGASCAR
716869.61,AGENCY FOR INTERNATIONAL DEVELOPMENT (USAID),2012,MALAWI
36114.05,AGENCY FOR INTERNATIONAL DEVELOPMENT (USAID),2012,MALI
1867.31,AGENCY FOR INTERNATIONAL DEVELOPMENT (USAID),2012,MARSHALL ISLANDS
3329.94,AGENCY FOR INTERNATIONAL DEVELOPMENT (USAID),2012,MDG
85016.06,AGENCY FOR INTERNATIONAL DEVELOPMENT (USAID),2012,MOROCCO
98076,AGENCY FOR INTERNATIONAL DEVELOPMENT (USAID),2012,MOZAMBIQUE
18000,AGENCY FOR INTERNATIONAL DEVELOPMENT (USAID),2012,MWI
218093.66,AGENCY FOR INTERNATIONAL DEVELOPMENT (USAID),2012,NAMIBIA
895414.68,AGENCY FOR INTERNATIONAL DEVELOPMENT (USAID),2012,NAN
96056,AGENCY FOR INTERNATIONAL DEVELOPMENT (USAID),2012,NEPAL
260665.17,AGENCY FOR INTERNATIONAL DEVELOPMENT (USAID),2012,NETHERLANDS
0,AGENCY FOR INTERNATIONAL DEVELOPMENT (USAID),2012,NGA
0,AGENCY FOR INTERNATIONAL DEVELOPMENT (USAID),2012,NICARAGUA
12190.39,AGENCY FOR INTERNATIONAL DEVELOPMENT (USAID),2012,NIGERIA
24000,AGENCY FOR INTERNATIONAL DEVELOPMENT (USAID),2012,NLD
15522376.27,AGENCY FOR INTERNATIONAL DEVELOPMENT (USAID),2012,PAK
33332725.78,AGENCY FOR INTERNATIONAL DEVELOPMENT (USAID),2012,PAKISTAN
868551,AGENCY FOR INTERNATIONAL DEVELOPMENT (USAID),2012,"PALESTINIAN TERRITORY,OCCUPIED"
7255.76,AGENCY FOR INTERNATIONAL DEVELOPMENT (USAID),2012,PANAMA
1592050.11,AGENCY FOR INTERNATIONAL DEVELOPMENT (USAID),2012,PERU
1776064.05,AGENCY FOR INTERNATIONAL DEVELOPMENT (USAID),2012,PHILIPPINES
510460,AGENCY FOR INTERNATIONAL DEVELOPMENT (USAID),2012,PSE
110289,AGENCY FOR INTERNATIONAL DEVELOPMENT (USAID),2012,SEN
876281.31,AGENCY FOR INTERNATIONAL DEVELOPMENT (USAID),2012,SENEGAL
14420,AGENCY FOR INTERNATIONAL DEVELOPMENT (USAID),2012,SIERRA LEONE
19978,AGENCY FOR INTERNATIONAL DEVELOPMENT (USAID),2012,SINGAPORE
128950,AGENCY FOR INTERNATIONAL DEVELOPMENT (USAID),2012,SLV
16443107.53,AGENCY FOR INTERNATIONAL DEVELOPMENT (USAID),2012,SOUTH AFRICA
-166056.77,AGENCY FOR INTERNATIONAL DEVELOPMENT (USAID),2012,SOUTH KOREA
29840,AGENCY FOR INTERNATIONAL DEVELOPMENT (USAID),2012,SRB
351116.84,AGENCY FOR INTERNATIONAL DEVELOPMENT (USAID),2012,SRI LANKA
4284.46,AGENCY FOR INTERNATIONAL DEVELOPMENT (USAID),2012,TAJIKISTAN
1324095.72,AGENCY FOR INTERNATIONAL DEVELOPMENT (USAID),2012,TANZANIA
40776.33,AGENCY FOR INTERNATIONAL DEVELOPMENT (USAID),2012,THAILAND
616594.93,AGENCY FOR INTERNATIONAL DEVELOPMENT (USAID),2012,TURKEY
72014.4,AGENCY FOR INTERNATIONAL DEVELOPMENT (USAID),2012,TZA
984357,AGENCY FOR INTERNATIONAL DEVELOPMENT (USAID),2012,UGA
3136126.41,AGENCY FOR INTERNATIONAL DEVELOPMENT (USAID),2012,UGANDA
44490.5,AGENCY FOR INTERNATIONAL DEVELOPMENT (USAID),2012,UKRAINE
-4667154.42,AGENCY FOR INTERNATIONAL DEVELOPMENT (USAID),2012,UNITED ARAB EMIRATES
200827.33,AGENCY FOR INTERNATIONAL DEVELOPMENT (USAID),2012,UNITED KINGDOM
3098049938.9,AGENCY FOR INTERNATIONAL DEVELOPMENT (USAID),2012,UNITED STATES
471400,AGENCY FOR INTERNATIONAL DEVELOPMENT (USAID),2012,VENEZUELA
20722631.29,AGENCY FOR INTERNATIONAL DEVELOPMENT (USAID),2012,ZAF
56870,AGENCY FOR INTERNATIONAL DEVELOPMENT (USAID),2012,ZAMBIA
2960.93,AGENCY FOR INTERNATIONAL DEVELOPMENT (USAID),2012,ZIMBABWE
-83003.31,AGENCY FOR INTERNATIONAL DEVELOPMENT (USAID),2013,AFG
8106162.82,AGENCY FOR INTERNATIONAL DEVELOPMENT (USAID),2013,AFGHANISTAN
73999.83,AGENCY FOR INTERNATIONAL DEVELOPMENT (USAID),2013,ARE
44472,AGENCY FOR INTERNATIONAL DEVELOPMENT (USAID),2013,ARMENIA
140617,AGENCY FOR INTERNATIONAL DEVELOPMENT (USAID),2013,AUSTRALIA
4850,AGENCY FOR INTERNATIONAL DEVELOPMENT (USAID),2013,AZERBAIJAN
1500000,AGENCY FOR INTERNATIONAL DEVELOPMENT (USAID),2013,BAHRAIN
0,AGENCY FOR INTERNATIONAL DEVELOPMENT (USAID),2013,BELARUS
59291.64,AGENCY FOR INTERNATIONAL DEVELOPMENT (USAID),2013,BENIN
